EE_pos_x,EE_pos_y,EE_pos_z,stable
-0.7532135122974949,-0.018892209997011647,1.2184857773240783,True
0.17925184012661644,-0.46392601099208997,2.1036958892617967,True
-0.08127585959770828,0.11985672684605025,0.8815802940102645,True
-0.602377945585155,-0.08614981738514113,1.7310157931885106,True
0.7529891998975976,-3.3206806736891634,0.024468784912257346,False
-0.18735723973467952,-0.03365308459465527,2.034904782325663,True
0.005694586388022893,3.1770488769853187,0.02417528045649897,False
0.4562680223242969,-3.3565405865110884,0.02414889457878988,False
-1.3444916514739085,-0.47433686097411526,1.3044688702888734,True
-0.4216396656535836,-0.7965284541474468,1.219625707636761,True
-0.7251820526045184,-2.8283667303094457,0.024492012737565905,False
1.463849216615233,-0.3996799863996264,3.063338796167463,True
-0.5415484970509428,-0.9223586416892313,0.7370612250385286,True
2.1019028188616593,-0.02208569111323256,1.2505996369410926,True
-0.8476153322346116,-1.1232772833025522,1.0149282653583769,True
1.0063150104781777,-0.7017491586384842,0.9719718478902981,True
2.390305309933061,-0.12091058167932714,2.115419659728498,True
-0.3124534344310992,-0.22960990713930826,3.705120463912844,True
0.1719972236901936,-3.1257454268653886,0.024376358932364894,False
1.8509562023354456,2.976012825883325,0.024459086614298242,False
-0.23698965652369003,1.293421713827184,1.0654237393859778,True
-0.05141098292085497,0.21910895875051214,2.104842508703532,True
-0.11379747120121453,0.016929987335664254,0.9984461154181218,True
1.3080478514895484,-1.9444636865628446,0.024144511432130478,False
-0.11088886539147906,0.07215280529507,1.647676923169497,True
-0.6991474527317725,0.43216189704183783,0.9847599933451245,True
0.07298093936509127,0.4307674910437613,1.936117930183877,True
0.19866833778563603,-0.03156391212019366,1.2478645264292139,True
0.00694679334251419,-0.8212942498994291,1.8063075481409359,True
-0.14812867924285092,0.09538199806695363,1.375646980799818,True
-0.06072417950784691,0.04579295069117796,1.684438140608179,True
-0.44603629460324995,2.40410830860917,0.024366397000014528,False
0.017648258688476567,-0.031253145865493014,1.3943002864951772,True
-0.15230654566835164,0.1439760890775509,3.144595413200716,True
-0.6276905449227805,-0.5178087051976882,1.0355664452256947,True
0.12855280473747455,-0.09677905329242598,1.030609513161989,True
-2.5859154250302128,-0.4509436235272164,1.5117791247948977,True
-0.3245891144534253,0.2988654161097719,1.5014973196024124,True
1.2688144895857947,0.45889450859698505,2.1898186296858064,True
0.9637210227033375,1.9117454348907383,0.02397327558566159,False
0.2593959382465032,-0.18031577239162858,1.5196138982125815,True
0.7575409250515488,-0.8431562040241168,3.1212416393308122,True
-0.9108641669784358,-0.981369640210155,1.5944484273739898,True
1.561332863432531,0.15817262382199473,2.100503515240576,True
-0.7585458934444351,0.21795641791101444,1.0249384333791483,True
-1.1821614237832052,-1.005149788186779,2.656174029954388,True
-0.44460293230292863,-0.2101041584706113,1.3007164833540716,True
0.4863591136654769,0.27457723491110053,0.9011209153365638,True
1.0653373161531556,2.0868722411808767,0.02388327569107751,False
0.028096807605477295,0.6713916041008853,0.8205562118626339,True
0.6916470697986518,0.6128867250325162,2.6355992506254466,True
-0.22027702738371807,0.9063322453706097,1.1170508936708021,True
-0.02543943081362346,0.6696724588493819,2.906826938966881,True
1.5761134727058812,2.6286605907280842,0.024412045622127454,False
1.086779843855988,3.29516192829808,0.02448087069683319,False
0.595810336683607,1.9018448003557142,0.02350115423427457,False
1.1251808140008757,2.5069626235716913,0.024238875566395868,False
-0.14944995860080024,0.1411421694647282,1.816697732252353,True
0.5057550258009061,1.67500055940796,0.023776161784909433,False
-0.8387835350487226,0.13312086681534785,1.3308437164407079,True
0.9280913531660004,-2.8297281695595733,0.023901061005122015,False
-0.051501621098181974,0.6394758847400606,2.121947779505171,True
0.13890891816995973,-0.6560356727516655,2.0237353074783653,True
-0.48584252613065587,2.9089140593165506,0.024107574494472372,False
-0.44249375368659466,-0.12384636173142562,3.1548264576184146,True
-0.24329927460682815,-0.48524482861677204,1.0471292376472148,True
-0.17513376058115235,2.0203235108769646,0.02428883728174286,False
-0.11446000547242342,-0.008904855737536571,0.884278639305689,True
-0.4116765590031318,-0.22131820234557475,1.7772189409970305,True
0.8420748865272473,1.1307050597614468,3.3772787481521087,True
-0.2844674396819028,-3.363617359207732,0.024420492571052443,False
0.4723209135622336,-0.73072834354714,1.3212576071272784,True
0.2850780178189695,0.5028157246349171,0.7708639406656543,True
-0.16728783516541817,-0.2454990193342081,0.8524081670133354,True
-0.13370385724000422,-0.14787815940490434,2.438304420264942,True
-0.23083161938327904,-0.023055476634000267,3.6140685133203023,True
-0.11735510840682009,1.1768925912719912,2.3707370899038596,True
-0.14759382954266298,2.1938291392103415,0.024316482484459168,False
1.944766886688074,3.0467735809269048,0.024323509189119852,False
-0.1220471443246468,0.9737675340727537,1.6776434870125851,True
-0.09122485071055011,-0.2458136832113973,0.9629774779804184,True
-0.0708679803518383,-0.06269478124591213,1.3341916948959447,True
1.8043666057761392,-0.600161521071331,1.5833312624814302,True
0.3371425643721707,-3.630166293998389,0.024424928153557568,False
-0.25143400561419166,0.2827396768020626,0.8596748177327913,True
-0.27148920479851896,2.536101449407085,0.02383986413858674,False
-0.691649062199515,-2.5096343902425424,0.023800110412625086,False
-0.22314749623172464,0.10495038487466837,0.8715813248274233,True
0.03048612282479271,0.15959319329451438,1.2910420399580897,True
-0.048242276810399165,-0.12085692862385058,0.9550383688869135,True
1.666421590340102,1.57502100691033,0.9829267053772006,False
0.6400131676285106,-0.5819746495332717,1.5269133177404992,True
0.5039955036566325,1.733120642898427,0.02321369847442145,False
0.300901110874544,0.8502423600827653,0.8368906257342094,True
-0.3901022199813496,0.008208975137418455,1.1589389962198882,True
-0.04082666089446376,0.13999033263649074,0.8881372489691045,True
-0.3066853765659887,-0.0004227387472966102,0.8055712063421269,True
-0.22091263052375593,0.26208404872354,2.9015634673203703,True
0.6268676369759691,2.2502276927062237,0.023747813325898592,False
-0.6622169576108174,0.0693253843194924,0.9110372254542053,True
-0.11881649517934842,0.041050755283998264,3.0397630637039876,True
2.6146479150940807,2.034510941557748,0.024370654079921727,False
-1.747932195175953,-2.7953546900943307,0.02438002643577125,False
2.1042231685174935,-0.7501802990927365,1.6312369719225663,True
0.49870469147322144,0.15428380057629482,1.8262500922888756,True
-0.18814017067802513,0.022136530234015874,2.7279773676305465,True
-2.566315709329846,2.301029673295824,0.025063679009539153,False
0.579872399098065,-0.4637130634099341,1.5016286563209378,True
0.8984115249279059,-0.17588000224916323,1.503195969289195,True
-0.14748022536629085,-0.09168512156066172,1.998798981764066,True
-0.4737160892466181,2.5742964028362962,0.024366321761268572,False
-0.5458943299523985,-0.9242992050039242,2.845597559501973,True
-0.1672489346387252,0.11622057928106042,0.9051240020594518,True
0.05737035417133801,0.2776057701871179,3.365524553664132,True
-0.9834815411505888,-2.3004151637780237,0.024502718232993326,False
-0.039642706755074086,0.911050145931743,3.572921645497797,True
-0.2547164509189633,-0.0669580126382995,0.9463976765210171,True
-2.093633937170949,-0.12428904784398773,2.280588824302539,True
-0.12084247379886132,-1.3995271704091126,0.8558163750220953,True
-0.32497306201097204,3.260811788792337,0.024416270998401823,False
-0.06383084553449199,0.13773212133454593,0.972150675535398,True
-0.560265234466498,-0.07315488150318034,1.939806549179799,True
0.3479835186159379,0.6382834302334228,3.2821773046272003,True
-1.9106064284267337,2.6131982481209928,0.024667671849970707,False
-0.4221664668227079,-2.5148860478244406,0.024323418505842853,False
0.2748280735969897,-0.19964216800771797,1.2282375371207737,True
-0.9399484967309836,-0.9615276849560586,2.2288524106260006,True
-0.01618226603426212,0.12823605948470046,2.9085210543266324,True
-0.4005325330978402,-0.1567879708343919,2.623690523086479,True
0.38195884591738855,-1.012298054173322,1.5790618732447532,True
-2.1917170837056905,-1.2231148655018564,1.424581602303654,True
-0.3362075769414754,0.42670324739802556,3.745647547566383,True
-1.2543567052679223,3.370626430883852,0.02429029611491751,False
-0.5550808040893199,0.0852229749944603,2.121277673089905,True
-0.17858210615992137,-0.2163610811628017,2.867949342632013,True
-0.4866455322903168,0.21985715236642994,1.074742887093595,True
-0.1429188094278934,0.20639204478612871,0.8131004230032001,True
0.12269639809390039,1.0120942098685661,3.305054118791168,True
-0.27479655476651943,1.0157902670505257,1.0047427906746296,True
0.05109289422050528,0.20391478103900823,2.2377425805791447,True
0.3419860167960219,0.3423099619501465,2.7019238803535823,True
0.8125671448385078,0.21418858282540906,1.1732517878217803,True
0.04799853191490033,-0.1368032855013202,2.5891879339244976,True
-0.3782404994060308,0.07719990332923918,1.5735819717793418,True
-1.3455039183639752,-1.2094371094299112,2.8821544158058376,True
-0.19540996903130325,1.587074840712972,0.023067748374799246,False
-0.30535646418880374,1.0653610414869081,2.5966337048813077,True
-0.01905221482960001,0.09785931811441072,1.9338119268615892,True
-0.061056619264553746,-0.07010783958556659,0.9413676531712559,True
0.0982558736866011,0.43561656429598106,1.7074370390216869,True
-2.140858000992798,-0.2762043175577129,1.6245632637045537,True
1.3287831577112532,-0.279834534415271,2.188464435641269,True
0.39705172080257983,-0.45951382589883794,1.1003824027897526,True
-0.15285637795778714,-0.24365428682748813,1.3250831162027488,True
-0.05078667324624506,-0.24271104507112562,1.6863878508445975,True
0.05817059402602928,-0.3202648763746023,2.740396455794567,True
-0.542143627469731,1.776601699729166,2.662629720742796,True
1.746680776350778,0.4809023513838308,2.7615359323606046,True
0.23032646066460424,2.415011558612588,0.024299807527859152,False
-0.341533455994259,0.4512467528434084,1.3115907651417227,True
-0.4554408914339718,-0.35094853674668974,1.4130011841904544,True
-2.820777444038573,1.6786436750384843,0.024328018639455273,False
0.3003687073622252,-0.03653452821213282,1.0999827690479158,True
-1.3567821545485603,-0.4273454668393561,1.5658323577841964,True
-0.2905792851237525,-0.3588093896611341,1.359901923944296,True
0.058378681221956996,-0.3556882283291026,1.4895578209258455,True
-1.126697412961398,-3.3269626862180184,0.02405064750330327,False
1.4173600299155205,0.8538038979050776,1.3171092576268522,True
-0.5761653789530892,0.5775527100457275,2.094832355438897,True
1.7793286241113417,-0.49129228486685156,2.0282647993430514,True
-0.8022452588324701,1.9572669752136618,0.02369543161481119,False
-0.14024805550112387,-0.27776887414175183,2.991709537505317,True
-2.739850976688661,-2.102088255066357,0.02442178832117403,False
1.7944673212049314,0.8645836697776914,1.2477067128442638,True
-0.3879242218847159,-1.0456084997785027,2.6223834475586556,True
-0.5409716005338041,-0.4630062836958536,1.33686205307647,True
0.7314075675737992,-0.1913801993648163,3.1216137950993206,True
-0.5405312935744255,-1.0298572500899423,1.4982955949739134,True
-0.13383956816124268,0.03738811380586814,0.9963750900823303,True
-0.13937126401292108,0.0442777407114759,1.885030856098909,True
0.3044313924830634,0.19992928272718635,0.8760466152922868,True
1.1413949229443328,0.657970313284793,0.9289098890593339,True
-0.6805439217853666,0.20338675136271153,0.8378527150898023,True
0.34227496045984684,0.3631078162604824,1.0496356376378375,True
0.07224201080782289,0.9429358723782353,1.9593863631511803,True
-0.6112044216509119,1.7506374847728414,0.023293982874582897,False
-0.2520960297012802,-0.05421496937278452,2.500723565768736,True
0.19942718953735306,-0.020240832045863157,1.24784063006139,True
-0.3100087628026882,1.809688240015357,0.023339431835464053,False
-1.3386728575286269,0.8290385917395331,3.233135576708093,True
0.7702084603485045,-0.6575365517071925,3.521788494655123,True
-1.1473077179793392,0.1731777505686998,1.2017364996504658,True
-1.890362656699969,-0.8266930561716642,1.382016480909238,True
-0.07834344660446368,0.041203084490756436,2.0919852656120708,True
-0.6639428427657756,-3.226785333945038,0.024022535292338443,False
-0.41977055860000223,-2.913073116917924,0.024260632315468933,False
0.9180653974955445,-0.4948539514780181,2.0221929407814514,True
-0.11882930858325573,0.0262258439053966,1.1768040975775564,True
-0.18490996388413009,0.2410528318219614,3.7953522829680235,True
-1.0984520159355615,-0.7493155226675672,2.8952511809505004,True
0.37590373847193825,-0.11668688055004248,1.8623661795722959,True
-0.0312903499194872,0.037429804840588214,0.9348706797601078,True
-1.088727491628737,-0.9424383535293407,1.2373727686964107,True
-0.029665543569762684,-1.2203367369981208,1.1247545040274716,True
0.8680098307387643,-1.930353604552065,0.023908420648159567,False
0.623146396438684,-0.7442790773891858,2.3869565800160917,True
1.2290743058190365,-1.0584478965447246,3.0159404980097504,True
1.9159927744226721,-1.8942236790471747,0.8101485585693509,False
-1.3925386503723218,1.9248924986229472,0.02403225029383549,False
-0.1534338473172938,0.282035466733333,0.7813569133572977,True
-0.45633168247835376,-0.023770356991962803,0.9422965786320876,True
1.9460256490329846,2.8658227973258867,0.02444121218023848,False
-0.4007611876024251,-0.15967191081194954,1.415665673969447,True
-0.25026749924471775,0.2802536274581222,1.5191814520565528,True
-0.8541710126944704,0.24353345388625938,1.7451813635195985,True
0.3968307327799112,-0.380383344257759,1.1348813131812692,True
-0.2548404320597426,0.1292291831638655,2.606905149724226,True
-0.19225536892226566,-0.05450213327493373,0.7780073121467901,True
0.7374127317634351,-0.35429826098598316,1.1564515860988032,True
-0.10512752289392821,0.20669837748981512,0.8918542707719861,True
-0.7881701417375436,-0.4111924034859159,0.7944500426653719,True
-0.9208779266611651,0.5615458802634802,2.702074378378738,True
-0.3539226949803404,3.4360367507358935,0.024526928481641563,False
-0.06793052159774148,0.22947398477820485,0.8874348727757312,True
-0.17287726809734924,-0.3607113658075543,1.6975750452365361,True
0.777005687591141,0.24590905302863703,2.5542034966309997,True
0.736064184074321,3.4131153064537596,1.535674582951649,False
-0.8781288215401081,-2.656599783360999,0.02400824216585462,False
-1.4546634938235043,-0.07885866774318119,1.498420773732008,True
-0.733327585508613,0.11967452163355169,1.192945801726462,True
-0.3771599252196084,-0.4707696189568535,0.8405322102008599,True
-0.26182720315411234,2.746354485572586,0.024369199383850737,False
-0.17485567031381366,-0.17733016511539074,1.4951002485100422,True
2.0177809015323502,-0.4970910457729771,1.8009159378843917,True
-0.2408478894876776,-0.21473359460724648,1.2167780143894613,True
0.9942345992619788,0.6547712362594785,3.166109877361209,True
0.0969669881170184,0.09603751707997521,1.452817245153886,True
-0.6160382076168697,-1.024353231209558,2.945970533735064,True
0.0656907361948878,0.36228302462917406,1.1791493994687399,True
-1.0616732700253904,-1.2527108659611208,2.92884815667598,True
-0.589858849700952,2.3969807422906833,0.02429710527743989,False
-0.2541411968133756,0.4090092474445618,1.0669690114251673,True
-0.08577604852744189,-0.961830339519742,1.2533658732749626,True
-0.0395711553083148,0.4294625429859614,1.8320306315003525,True
0.8314686106330986,1.068119769041162,2.0297865822141734,True
-0.03726988002543606,3.0641858025916484,0.024451352937704063,False
0.017904637309796453,-0.3174980777587806,3.442184362272995,True
0.04336317998586192,-0.7460040378637974,2.4168277060934606,True
0.26339101608944965,0.9161146465654659,3.1380534224142904,True
-0.3506539972796807,-0.13289098753859618,1.2245669254329825,True
0.2864157932393595,-0.08210665354313447,1.0936949185335074,True
1.744855011096869,0.7040283021513549,1.8615352092681228,True
0.5487094555191858,-0.7693272125670148,3.2621026253144696,True
-0.07824934443675219,-0.04858281469255838,1.9424322827771952,True
-1.0023869654837922,-2.3039063359171372,0.02387161727161946,False
0.7130788579036076,0.08096139618922515,1.1394013295264316,True
0.43927235386692604,0.4042697108917579,0.8399835528895504,True
0.32089754522979647,-0.673449650622046,0.9884911674252653,True
-0.01662177100328527,-0.15609375581786308,1.1009204794347074,True
-0.8706094124156778,2.737717813935089,0.025473461611941528,False
-1.2119942313804466,0.32804567861705447,3.0369889643338706,True
-0.210771180952186,0.03967611886468808,1.2364553711382533,True
-0.004056467152933001,-0.011959770417878966,2.7879665634891966,True
-0.4136862213857473,0.1486873412823799,1.6552658379258833,True
-2.01576309072896,-0.9740043568741046,0.9596740689854042,True
-0.14451019884591126,-0.04910940249845359,2.267207453882179,True
-0.5161461171922741,0.2860561517184464,2.9486818096677503,True
-2.556695245229216,-2.130870622954192,0.02442229822918862,False
-0.4030533376869102,-0.9986096842665937,2.025070875916976,True
-0.33103355065158924,0.20479573341205232,1.484608926192816,True
-0.07386618977516801,0.20352066911379219,1.500179007831178,True
-0.4927286193808739,2.244683995978813,0.024310248518778443,False
0.7776794025145276,0.24860398899447117,1.4432715550581423,True
-3.038014180632808,0.6215353966136855,0.9976467227955241,True
-0.4524442646939978,-0.1720942002130463,1.8740999350100438,True
1.0578699000067493,0.1418363521466765,2.631938668367329,True
-0.057062340301195384,-0.2525556792376385,2.9179214050197992,True
-0.9447247332793268,-0.35029424252635616,2.2515748049916278,True
-1.4943795878072463,-2.3965935249084196,0.024149086563192756,False
0.6989164507734511,-0.5676277938306593,2.5574892932162028,True
-0.07483140595012482,0.02799884667373553,0.9773473197758871,True
-0.20353510999864943,-0.6979292008075809,1.46696110798446,True
-1.721882652239478,-0.65833799753788,3.2573613573605176,True
0.5784770198293311,-1.0594464718099048,1.4937756348760138,True
0.9337010130551816,-1.0504548501147153,2.6257508360960244,True
-0.18669300163751093,-0.09135692757631397,0.8896432805013582,True
1.2829034842254834,3.417834062150785,0.024297512634931795,False
1.673532633015506,-1.2055511088128046,1.448594916930394,True
-2.769268632488836,-2.0302647409660564,0.02433670109441005,False
0.633466209231722,0.3107944288913083,2.843460501911234,True
0.11571189500366263,0.5367570552479758,3.442736953174932,True
-0.09045356632802648,0.7131645736721771,0.8003203235710505,True
0.9217585713165821,-0.9381685313343434,3.437417955791077,True
1.588724373639895,-1.9181197538635248,0.02414090663035462,False
-0.07563280557282817,-0.36351860242472617,2.592812276053168,True
-0.4647200272167414,-0.0595690939781828,2.8764957837230862,True
-0.13478053450693042,3.6804028402949482,0.024434843092627667,False
1.9758850408321145,2.8643789084121796,0.024495425457621678,False
1.132464541299077,2.527037382293211,0.024378451101897847,False
-2.8471760674258273,1.735489823492832,0.02439528947829639,False
-0.8623937772800399,-1.9060656315128088,0.023785590961533543,False
-0.7560641754888845,-1.0920321243645847,2.2683995408121502,True
-1.5649694797279126,2.2235797644206032,1.2413965271323841,False
-0.4072939099644008,-2.0366818302829977,-0.006843966111651889,False
-0.29057089012407566,0.1430781127605612,0.9041699845390969,True
2.1781936821797596,2.862224723937627,0.024439707695891655,False
-0.0705912986205515,0.2721997655021505,1.0411949171980306,True
-0.9724389500913064,0.6089361588173712,2.3384155778988562,True
-0.2238126785713606,-0.10165757891278779,2.911698406390489,True
-0.5195223828892728,-0.3591442722342524,3.5805024538091006,True
0.5622523251650093,0.15502491854409536,0.9314868960656176,True
0.547691713739162,-0.48479341043942514,0.9113321074835778,True
-2.104899534749935,-2.3239035587314887,0.024254379856143204,False
0.04651209002067665,0.116138827337222,2.039855055673831,True
0.07549669525667216,0.14917074267897742,1.004707720425405,True
-0.12430009765301746,0.0957364237800896,2.830620542593458,True
-0.4609866928236034,0.666463794414427,2.5720703738457975,True
-0.7427671743061435,0.130811438956633,3.6268827236197687,True
-0.7815653661665178,2.446278929967999,0.024217549137472094,False
-0.1261854011138351,-0.1832185767389162,1.0909998447839946,True
0.6866179306417612,0.9257024248197327,2.722410503764223,True
-0.12345677984227293,0.7567183105973778,3.7543295542472777,True
0.03426760943220489,-0.11943522829251563,3.1314483076816497,True
-1.9910254702700882,0.8346908740013963,3.051484824966397,True
-0.60891287064218,0.8726014066402172,0.7628514525290198,True
-0.18490949372105484,0.10481231470729699,3.763638538210038,True
-0.2541382504171124,-0.5098882951002033,2.582165835357877,True
-0.3648409396714333,0.25336461755863904,2.880576126198733,True
0.15431988105541022,-0.31693880796477625,1.7787595159202816,True
-0.5372849706534815,-0.21506102320050435,1.8187897983174863,True
1.1993460706939647,2.4627909767386384,0.02425416962645699,False
-0.9500787335865412,-0.7452813211671201,2.7008071079425537,True
-0.18270190978733367,0.02159488794784379,3.1660191128924695,True
-0.11976652275214902,0.025319263555192446,1.2682324484428427,True
-0.9291875023212,0.5352121694539178,2.138674785558765,True
-1.5774640465466185,0.3111597607214682,2.180612136284378,True
-0.03544603320400043,0.5355002510459268,1.6548649766907948,True
-0.1103727579940751,0.009776812058504041,0.9163762214066746,True
-0.9183491866745399,0.13668151551353486,0.9215414865069051,True
-0.02433302057103598,-0.9443117322663237,1.184738086267676,True
0.3441699133437992,0.17462024500090442,1.8640572707016312,True
1.0241883504441636,0.8166277968214447,3.424196559266416,True
-0.7979435040671796,0.19616962025217027,1.8169314901747349,True
0.6463124970827734,-0.6330393405525769,1.7845735400476483,True
0.6030420555538749,0.29754821149881583,1.2667489898723656,True
-1.6517386923650932,0.9167880609233472,2.3168759618603243,True
0.6556186067760528,-3.8232227884565098,0.024481573210689556,False
0.6496398212746813,-0.4265429964940053,1.7047391777660692,True
1.3733953438449562,1.0113338722701282,1.5335512039586636,True
-1.053726431936747,2.073430462436623,0.023766385103288212,False
-0.33077031308347876,0.15475922899410105,1.4426603373515547,True
-0.07667872445401172,0.0810485086262768,0.9214376651661076,True
-0.7506261719864622,0.3754089026268169,2.748313476703746,True
-1.5543278568136465,-0.9443632715315604,3.1300683643344716,True
-0.12599424120484737,-0.16483350618088333,1.6065329406300761,True
-0.41095669229475695,-0.22380213992700257,1.2716979121255505,True
0.13647915898740412,-0.17625004627169147,2.293826746419848,True
-1.5266938127068668,0.011743197476475155,1.4748334424445746,True
0.3634240243595953,0.021853688805797803,2.2002315854853376,True
0.14523904508745944,-2.824418883389113,0.02392615230619588,False
0.13456035790893633,-0.16927096162855929,0.9670071421619195,True
0.017798213411908695,0.14182241689057473,0.9832194062183887,True
-0.20158049407369155,-0.07817170104662358,2.1547542201843277,True
-0.5117526478672376,0.27850907844029377,1.6190086863870654,True
-0.25995563770257496,-0.6630198214761305,1.4822560339044601,True
0.10570581793110341,0.7317668056994089,1.3522523478461683,True
0.20355421499277065,3.8672636725679865,0.024437567851962216,False
-0.07424501978640818,-0.11449916424362067,2.490846958650404,True
-0.08380786707726064,0.27037206207564535,2.053303547828989,True
0.006189967219166453,-0.04999166740757896,2.2649446192831704,True
-0.10761248739432602,0.10619869039821185,0.8742897441937404,True
-1.648170731208865,-0.07784126327470328,0.7569323651838179,True
-0.9719902346399191,-0.3133044422159802,1.0203388178683748,True
-0.15319023881867716,0.07077167846942978,3.7086521604675946,True
-0.14669938249898118,0.08733088650873784,0.9452854928484452,True
0.06479621211607091,-0.5808471192557452,1.315903769694982,True
0.14174445053421464,0.08865545422334642,1.0881275364995293,True
1.1420665316879453,-0.2922667433304806,1.0485921738678918,True
-0.2443856289797232,-0.5372416040339787,1.291717482242603,True
-0.33678246026348674,1.1704150989852888,3.187821535307335,True
0.3549225110295067,-0.6985823990781795,0.9947609871957028,True
-0.1272881057286004,0.32565559846241066,0.8401830793450179,True
1.1935829276312064,-0.8493692073248348,2.3043049754729217,True
-0.6640083617976005,-1.3023221763261905,2.037992291879437,True
0.28152579777049536,0.3859004367276641,2.3180598710113043,True
0.5032911013041046,-0.4056643276032865,0.795197249335251,True
0.2686948402430763,-0.04458730083488996,3.1927190217737573,True
2.326468872524141,-0.6570563853326801,0.9210443402705217,True
-0.17559532617215706,0.1624005546470966,0.9856550062511885,True
-0.6732824654928484,0.25879487595418205,2.7204707328106874,True
-0.9646700218173658,2.8083631918603005,0.024098148629705274,False
-0.7149292131830829,0.8451785493706387,0.8575658718976886,True
-0.09626153917993709,-0.25925281478964396,1.125033725407851,True
-0.10991317265299096,0.1807171123379603,0.8383917783032925,True
-2.3272735237916096,-1.07946092240894,1.5200692867435275,True
-1.4666825207352017,0.18200089140483255,3.209314113535741,True
-0.14636795178616593,-0.17422586641480647,1.7845807569741772,True
-0.1072711957153864,0.02064505110741862,0.9563581075314745,True
0.8282226180971614,-0.0453669522341796,1.0856556105533488,True
0.21847530060284068,0.07868235003681287,1.8764406286242818,True
0.38964022311639723,-0.14868476738386543,3.021093555807524,True
0.43721724527045563,0.17837532085825303,1.7386890758221853,True
-0.3904972459642036,-0.40523906627066447,2.9200896808374224,True
0.3096792584194078,3.135389814801025,0.024100026213417725,False
0.44248181175455953,0.07692957444414489,3.7492724795721073,True
0.010090745687466221,2.431979943713819,0.024280370261664297,False
-2.5372967856031683,2.0746295996449646,0.02442748916840659,False
0.7490440660416624,1.346583084725705,1.9890741038242892,True
0.758658735534156,-0.44405635438635166,1.0362071346096793,True
-2.3884243715170395,0.20521954313880963,1.8104577755158204,True
-0.19380781236950567,-0.40159009329280626,1.0584297621318324,True
-0.35674732750208893,-0.13992077802762085,2.6490829574201458,True
0.02619726151817367,0.5215439843581791,2.6050025146638207,True
-0.47447889956472106,0.8830194113750232,2.0459252871529903,True
-0.355772896901269,0.675246472406096,1.4514736014084333,True
-2.3996215499995133,-0.5485886816372634,1.7406300731726487,True
0.13042115714325048,-0.18939369387047425,1.0531411688305727,True
-0.19764499446304445,-0.5072144227282531,1.0975671733671815,True
-0.5214242488190141,3.544053883131168,0.024409229303717417,False
-0.1003603404968955,-0.2791083787181189,0.9811192156765669,True
0.2691743960531531,1.9169660033776474,0.024057545397547897,False
-0.44632452602171424,-0.13689788964206442,1.0245277091860814,True
-0.7499392181713507,0.09960176939410881,2.020926795023958,True
0.7492701608694079,1.1791456811596361,1.8170712058995413,True
-0.5830116514060971,-3.682883946082139,0.024500071420476277,False
-0.2906753895804999,0.24824460712317248,1.76504015007175,True
-1.6885262847000964,-3.350992523928233,0.02446914772714237,False
-0.5353111200024675,3.230852500910228,0.024624538170466392,False
-0.11552446470542088,0.11240466841423791,1.6680939909566028,True
2.1641332670307323,0.10998072237979396,2.3629646539627633,True
-0.13025810080283326,0.03631264536242078,1.2394443930657542,True
-0.23142758944106753,0.13128378242143252,0.9047336273565515,True
-0.14784841519043196,0.043188325370260294,3.119373955740107,True
0.11492372205140808,-0.10070787487099256,1.9626047121593788,True
0.2014743583612474,-0.5600772036675853,1.494411182201314,True
0.0420422535245106,0.04454179749936017,1.427401252217209,True
-0.3067140175752717,-0.118750233914926,2.471509987069168,True
-1.4344929936225022,-2.429977435169857,0.023969424893452662,False
0.06423727420889538,-3.7364659154785516,0.024429883120496043,False
0.0007232487160470646,0.1265010998165068,0.9894963539680429,True
0.9677596083924611,-0.8202648061291677,0.8862932768023382,True
-0.6525035991693272,-0.20238341467032278,1.7126473799654067,True
-0.3296621753881826,-0.569254515427077,1.2134780241465384,True
0.9112812024251756,0.9166678566149562,2.2511342599026296,True
0.11207837279589264,-0.029651996968548082,0.8644952389612677,True
0.39271194931391484,-0.3535556619048942,0.8442094828981024,True
-0.255079405033018,0.03646991351099123,0.9062114969161352,True
0.3339516594574511,-3.5233305488976523,0.024584205460331687,False
-0.09876552822878669,-0.3088511151488822,2.266084280719892,True
0.5397370803108216,-0.5326419721756197,2.089605366573962,True
0.3059308724363917,2.5867953361008302,0.024321179321137865,False
-0.3791318495693172,-0.305861812090673,0.901567637145606,True
0.19619618623614477,0.540442344353417,3.1384645916505507,True
-0.24682984255666723,2.3780648624202425,0.023857208134040797,False
-1.3229581826324666,-2.5757941528432333,0.024220938511090195,False
-0.4391653309675708,0.4170160404834377,1.5706955269614489,True
-2.005587857794002,-0.725949225451384,0.7192189922977873,True
-1.2161611196191755,-0.0068800198405571745,3.587308596390886,True
1.4981673630463985,1.1019845415948972,2.5128338512934048,True
0.6327113662238606,2.7534047960336023,0.0243951106650262,False
0.8916792555694502,2.8505286327239148,0.024401730044723124,False
-0.09695681912160498,0.04404025088580859,1.4924897541775204,True
0.3165700646332411,0.5832876768230695,1.103454770673113,True
-1.3107897417842438,0.3389250637273836,2.5229775219780635,True
-0.3488926688723233,0.15402843180559359,3.5342830544030055,True
-0.19658199602878365,0.93387483996125,2.068058473348359,True
0.2478382796518642,-0.7676419767713475,2.352594096006836,True
1.0646713869291395,-2.5389390852847797,0.023718237140797016,False
0.2542970735031316,0.458169692072898,1.8156368557503564,True
1.018091564432049,-0.1053179429242804,1.5798188386430818,True
-0.06449570268352528,0.34733011905982847,1.0816591970440443,True
-0.1155357226334235,-0.014368010256959302,1.9656699535128792,True
-1.5215733086865726,2.203687220663456,0.02433421254612833,False
-0.9330367868827668,0.5106737328295473,1.5858159135935677,True
-1.3496606570041927,-0.8114873289286915,2.6234656860386787,True
0.7568745344953925,0.7934364032388312,1.443178191261786,True
-0.1825379486984652,0.2702192032902071,1.2655246807887306,True
-2.0831267566136416,-2.543471653398722,0.024366989718647536,False
-2.785708860516115,-1.5753468377550832,0.024596676994671204,False
0.15971471831173728,-0.2935498521160288,2.2082716962813818,True
-1.025984407988324,-0.20987951444822361,1.0859869335261836,True
-0.5083052150069547,2.554604094433365,0.024362401617193663,False
1.0861560020715852,0.8905333422526897,2.1219766462503786,True
0.08949261498452192,0.17229251463026934,1.0911766671740595,True
-1.42841535224298,-2.486016459306838,0.024304804195109997,False
-0.07235708056063776,0.06584948142344453,1.703431999391528,True
-0.009280236584167989,0.1272481718493842,0.7589267147944878,True
-1.4641620039921257,2.5991269290386763,0.02427253618683478,False
-0.06290780621145697,0.021574967699692423,0.8697421581563757,True
-0.14091343521241945,0.06627785815315759,2.457775354833209,True
-0.3186924050518013,-0.18851958520340448,1.9350957724468927,True
0.27410180065280765,0.6040697017174081,0.7796715609262215,True
-0.06945325922148218,0.03516050535023036,2.2638253853691035,True
1.924834004935821,-0.38476869758059556,1.370088811746336,True
-1.5194618744641908,-0.2850004776671194,2.51948881287936,True
-0.012996036930076699,-3.384876574589046,0.024495016521297486,False
0.3522204886083755,0.31467852628891413,3.150885710888561,True
0.020969941538681314,1.4692227421115807,0.022798787284811828,False
-0.5591310867406323,-0.2858197659917578,3.274752792448842,True
-0.10986710344122033,-0.21162692456638912,1.4557261426542976,True
-0.26691613153287297,0.1963349665962528,1.1727195345874941,True
-0.45130412393620545,0.6970452991002731,1.3534829968071842,True
-0.023150386504157017,0.047976821984208225,1.0479818745187182,True
0.124889571539234,1.7641387230619874,0.02336186944909535,False
1.555166043316041,0.7521318651858828,2.0880734028259944,True
-0.1141313784187967,0.09861445437126656,1.2681968315426373,True
0.27422753770988617,-0.7313710025066005,1.2868726292871167,True
0.30217433530756443,0.48088932019668296,0.9397744629909075,True
-0.4994290920244213,0.18195479434103637,1.2807244002855271,True
-0.11015805558476874,-0.11530200993301791,0.7577912667760944,True
0.0051951050609084365,0.8981302200331523,1.9316330117657823,True
-0.37814402532297564,-0.29875983528122657,2.429354056944943,True
-0.08504591435492397,-0.09590013226703757,1.6472377963895348,True
-0.024338659659236983,0.05170510550286825,0.8336605364987131,True
0.10083625930836523,-3.3708591195020174,0.024425954053202026,False
-0.19242949683942892,-0.0008225013464239622,1.442791368367094,True
-1.0570808394086597,0.7863311320025558,1.3318461040182341,True
-0.05244826751002883,-0.0003953322568095302,0.8763994351820937,True
0.21202375831821058,-0.0955654282927079,1.2944961289891421,True
-0.03121894805262361,-2.8813710651618507,0.02434577548497846,False
-1.3518922250559946,-3.0961365832073615,0.02431821841232834,False
0.28601203897535127,-0.010684560100253333,1.5244182000345894,True
-0.12315340537430991,0.12169686105241385,1.5175915333361125,True
0.9922144453078829,-0.8913220617858183,2.7487429944985573,True
1.8556642182157386,0.8834811084111321,2.917130004061173,True
0.015303377416828426,-3.6182748692335647,0.024537945421437335,False
-0.5578801083450559,0.08977432047793003,0.9080023244028099,True
-0.9057615414675921,-3.584051826559791,0.024458783275657037,False
1.4061437071298064,-1.2678457943045058,2.2040110069506125,True
-1.9828389499600134,-1.0616706250103325,1.2680625062865807,True
0.12293936705676319,1.0126557267987564,2.7472164199299467,True
-0.6195903571482191,3.800156499620092,0.024439679315584828,False
1.2644171244766194,0.9012996593103052,0.7756549587626411,True
-0.7481746051831278,3.6356828252890994,0.024091716870657143,False
-1.6262571065550266,0.13627728507498665,0.9951708986210352,True
-1.8655733744570144,2.873823500368113,0.024299440567125796,False
-2.0443814875164756,1.9398370935522848,0.024239957432855896,False
-2.320019346591334,-2.0791171453914883,0.024757860677437238,False
-0.20455780685147643,-0.2463468322247825,1.019561385568217,True
0.08017309122907018,-0.18875087356559875,3.1686087881427194,True
1.1169203709495283,-0.41284728954951716,2.34747135940574,True
-0.579278430911305,0.057263194914245724,3.620314680007631,True
-0.9129713015613848,0.7667069579023684,1.6576929017767728,True
0.512881686660004,0.7347661119286887,3.2121272565695573,True
-0.46975820974460564,-0.0668423976548631,2.8389354245435623,True
0.44574727074870835,-1.4346333342971676,1.4561183136388527,True
0.19203024210208852,2.195849131990531,0.023728406748345865,False
-1.1601851250749804,-0.3742874970257763,1.4895954389896748,True
1.5227806989798822,0.22053476495475163,2.2392262279753936,True
-0.10164601627826961,-0.24964812451636126,0.8489846471526115,True
-2.32782491311925,0.08699410130708624,2.644539446899196,True
-1.4800670701859882,2.467497476172293,0.024230430614797183,False
-0.1090068730224967,0.008629736059594384,0.8854856731964963,True
-0.3119074946366023,0.7033337878790651,1.5078773060882085,True
1.9194128325177582,-0.07681450317882373,1.555215987668906,True
-0.38992403325439945,0.05043585506404892,0.8058009463216037,True
-1.2102276242119125,0.23035008344592658,2.502070169729059,True
1.7366976658531441,-2.7503128821745007,0.02418648459145223,False
-0.6562120319093113,2.440212421682338,0.024336843838491162,False
-0.21658241340830836,0.024129263094142123,1.1100854368124167,True
0.03220804947373365,-1.9530233289454833,0.023615416031694036,False
-1.0599945580327517,-0.028331854277587068,3.0705045654044483,True
-0.25821628554332143,-0.17179676885711515,2.9990039664335217,True
-1.24602598308063,-1.1412417450341241,0.9271237925260926,True
1.4580483464628315,-0.9668580326110026,1.1500063260994609,True
0.5870186492529168,2.845975162958126,0.023980037998257098,False
-1.7039682946766224,2.1183585254581083,0.024340535670463848,False
-1.6052760012654566,2.872110542627822,0.024066320859769674,False
-0.13428084814003605,-0.22153936746645334,1.2475476894178366,True
-0.2767594247386222,0.046719068134245784,1.4012804071694775,True
-0.16884240294089825,-0.32763513667383926,1.5038903736025524,True
0.19574419750782976,-0.4853257132892367,2.5441354567532253,True
0.4751131374097586,0.9436513314024736,1.24141316386645,True
0.6116592005362993,2.7552901686199602,0.024377535084849467,False
-2.0635388766622476,2.301414055686201,0.024235219083249326,False
-1.087931171064812,1.7527033262671434,0.02371236697908563,False
-0.302676352835354,-0.056798396530718415,1.191860386315184,True
0.005448198740378676,-0.39993011440471427,1.2786474350006887,True
-0.9485584339900068,-1.1689593399181106,2.9200972981799382,True
-2.0739692001084964,-1.2036212564890756,1.9222787943907538,True
-0.7133400331211324,-0.07691734331351945,2.0705908747511526,True
1.277625735959748,2.3292039884419364,0.02436161131519987,False
-0.3618625959895887,-0.20091398140551842,1.1125139726690645,True
2.541018850797241,2.2423633828467207,0.024454994185266754,False
2.7258616501920927,0.4198544912024541,1.66956360181892,True
-0.29140495985454723,0.043797017424527594,1.858190039504838,True
1.5469364045173153,2.1393601193856586,0.024157833647157012,False
-0.39275312467201795,-0.6085217615304955,0.8758246592673211,True
-0.26044621915436433,0.058982764149222405,1.8848088529652989,True
-0.04512567088200832,-0.13754625555558708,1.3171701683340398,True
-0.4865653375526014,0.09686609163359133,1.778817269519907,True
1.1171933514492924,-1.7547792135305453,0.02399348598130313,False
-0.06294774130611862,0.09303084881329199,1.574519179690642,True
0.3673736234724854,-0.8319705583661623,2.8923051236169512,True
-0.7236817147711747,-0.4574799911357827,1.0038379674702593,True
-0.34542610589035494,0.27551072238253016,2.527925612134067,True
0.009779663601731117,-1.165469329565155,1.1677412169732664,True
0.6842288826034684,0.038769233309541254,1.2410608261097873,True
-0.998196058241552,3.272394824588461,0.02408487728079234,False
-0.27173393957425473,-2.458833881038685,0.024372696126028714,False
0.3950944501659206,-0.49788784143825915,1.2259779862700146,True
-0.46397543445114875,-0.3656091250267234,1.7868228692332353,True
0.011064049110168561,-0.06270536079851821,1.1534019470239971,True
-0.4985561264605305,-0.1432231509048381,2.5447266311188463,True
-0.14117784869349145,0.0925477915184432,3.6664661202370867,True
-0.6520693330942181,-0.17442472224034372,1.8668803519217103,True
-0.14429003460368148,0.12703621814954744,0.8473536677299264,True
-0.23536027810882548,-0.6650396211701788,1.2325346104542443,True
-0.18890496146299476,-3.2366113636532807,0.024163619593199515,False
-1.169355524998028,-2.8805447713838843,0.024118808771874,False
-1.4134018837914486,-0.1603809901322905,0.7726126929683971,True
0.5747581714131886,-0.9728041750826321,1.5582472903772215,True
1.3962086683656016,-0.8374980535513744,2.682126561465795,True
0.20037009147467857,0.4614362305273942,1.4084935034740607,True
-0.8684350841647812,0.4342381980765675,0.9195638138191792,True
-0.11118470523370272,0.001825167064490792,0.9068427374098849,True
0.6478211113570691,3.88239344784379,0.024511686201571625,False
-0.22039494090454348,-0.8139985838030901,1.0862524673280545,True
-2.3601406766609414,-2.594721686984559,0.0242727632366333,False
0.7105613418404222,3.8855731903645694,0.02443962086672019,False
-0.0303367642287371,0.8258852460384879,1.0414016484224957,True
1.5662391416571106,-2.2873687312797975,0.024214466992311556,False
-1.3674437767926444,0.77188448279159,1.166072455665383,True
-0.12774733846580033,0.022627148034877555,1.436452861537054,True
-1.3672498481528323,3.2190199174506446,0.024000914742452972,False
-0.24258358032435517,-0.9185497496804674,0.8400738553910567,True
-0.5011421862178354,-0.26906232845045547,1.6405967765494145,True
0.11105962957216384,-0.703612558055681,1.3851983981346456,True
-0.09496844579905783,0.4235683540222446,1.4182497230781077,True
-1.017961494149875,0.11622634472110387,1.0390100614292246,True
-0.6854917126673892,-0.9567302218838496,2.341097552282954,True
-0.5003907677789255,-3.6800061305329805,0.024538336714864384,False
-0.669914593660086,3.451471206216544,0.02469131694778559,False
-0.09155173673772454,-0.31835310026306624,1.2444715077388016,True
-2.137391039434653,-0.21012488432256363,1.5184957135499602,True
-0.12390195533605936,-0.8941485851972553,2.6152203034068426,True
0.47685196296066784,2.0510360029394272,0.023495127372148594,False
-0.703211059796973,-0.3562603476138157,1.4313248862855192,True
-1.2109598166502673,-0.37038195557159814,1.2109556963942825,True
-2.1524281654152335,0.6601144990985642,1.1004801575323744,True
0.9365371795113364,3.084741821901006,0.024220583525806916,False
-0.3842669561863429,-3.2997046911580323,0.02409191962482171,False
-0.7568930283463995,0.011812283870744946,2.527931069601931,True
-1.2966217009674894,0.23306421652253456,1.451107452012946,True
-0.127553830240025,-0.009947888743729604,1.0409302228043313,True
0.06624970261233248,0.35007296989179754,1.2146334012375766,True
-0.24141068218163703,0.3716390896391297,0.7579892344827333,True
-0.13050930410349937,0.016255300921140747,2.33263207793087,True
-0.06608072021316136,0.8844555023345035,2.1272139920458244,True
-1.8708245960526606,0.28315732908105057,1.217325226227691,True
-0.15788524157251752,-0.19239217713293041,0.8184746977160866,True
-0.034180263052917256,0.16824668062301795,1.199307776002634,True
-0.5897386148531035,-0.18927876329030158,1.3269341208339256,True
1.6804205601588678,0.8170345006245578,2.3766686485252446,True
0.5153887529864525,-0.35089964946594604,3.1813300675123313,True
2.1969141056561483,-0.9620674735877753,2.0736754230569456,True
-0.2965756521259776,-0.10051267292311541,0.8422866800702086,True
0.3402492042854652,2.570984429023151,0.024324013088930507,False
0.9398946028215289,-0.7572819442183277,0.9520527025721415,True
-0.16217103000395297,0.09246906262638097,1.1963755235100353,True
-0.1999695436104527,-0.6893381995885989,1.922433728648956,True
-0.10108849346474726,-0.19077643186797644,1.2652507370736326,True
-0.7214829998051321,0.695659125835437,1.69105764009629,True
-2.2144381446512607,1.8902765584182126,0.024264166873461113,False
-0.11983074876454086,0.020543671829906778,0.9104831663374164,True
-0.4316183535209458,0.19156634536160888,2.053288272288238,True
-0.31093463889045314,2.5534985865845266,0.0238259887541884,False
-1.174503487279093,3.0395659300675577,0.024360010223510142,False
1.4900278191128777,2.1419073593225217,0.024135436920727837,False
-0.7825263231837731,-0.8825111254476568,1.301536319152076,True
-2.701007935810491,-2.1424484954863345,0.024362715461845263,False
2.15103272323172,-0.914930216473348,0.8318572691277653,True
0.7243042814138259,-0.31230193130955725,0.8258018824463217,True
0.15180558623624368,0.08872008676008525,0.9171000252910414,True
-0.06960438341835903,0.07405252075631319,0.9404969295873308,True
-0.9192034474165971,0.3127823277636691,1.7172730277813042,True
0.5500685566883197,-0.549310557061888,1.5196393908622599,True
2.247068712875188,-1.0403493771107504,1.6945353606009796,True
0.5571870862230892,-0.254258850255235,0.9708547642394695,True
-0.22118843612747563,2.3187195765999737,0.02368146915755709,False
0.3762985301066815,-2.3951949917123314,0.024346865219465275,False
-0.06656549473654927,0.0714602088557329,1.9264935148679077,True
-0.38321816096452344,0.3365068722164887,1.0616696882333638,True
1.160228802633247,-1.6096262585347012,1.1705829562969068,True
-2.3050522345384308,-1.2142030490758344,2.2012373388235242,True
-0.24296046125315235,0.2749812415761298,0.9685931583182368,True
0.01010597593254614,-0.1381273098595764,1.3816226239231564,True
0.9749697828537895,-0.1195297997098884,0.781850558377582,True
-0.34367412681797815,-0.33575034805900517,2.014385954785418,True
0.08645619000223709,-0.5765387211222237,0.9664251028205206,True
0.8021700926235562,-0.3443530478792267,2.728400611499057,True
-0.63041372913946,2.323570955771281,0.023691876301619064,False
-0.6456290035453468,-0.35906601498526924,0.9604386418679776,True
0.05882759433975998,-2.372857803846067,0.023789903550279767,False
-0.1360049013889495,0.02858208921881697,0.8832068701683343,True
-0.11114314716500456,0.015469727195276964,1.0358081681919198,True
-0.20505451612605094,-0.05681392358275326,1.03283268597834,True
-0.09473648357356702,0.13902367007101007,0.9174561483294759,True
-0.2976858303919399,0.5013511899357342,3.0752099564223316,True
0.11322649094949441,-2.2523260285941546,0.023788014381409595,False
-0.1961320902865145,-0.5208742321232224,3.226526329825248,True
1.1394985086839005,-0.7438499562749937,2.811273080160114,True
0.607808219517014,0.08273992872804188,1.3043880339712595,True
-0.12469007886778284,0.0009985589574191818,0.8842129842172235,True
-0.790703479948744,0.34392973508077446,2.087026579759496,True
1.2001855305476703,1.7480761805752079,0.02410173241899799,False
-1.4446599796733752,2.794213047126251,0.024058594560257607,False
1.161906699599712,-0.6392791087500026,1.7036587338372746,True
-0.6428981768936315,2.8401420788865352,0.023900553167000016,False
1.5626032751943786,3.352238850269614,0.024378158123130655,False
-0.8778232589525148,-0.6709846341084481,1.3183980466052558,True
0.6547340248092229,1.7266734797331271,0.023456030940608164,False
0.6263784157315782,-0.6448200091765335,1.8680038322454182,True
0.010296770131838079,-0.3283947930301276,0.9776657289369105,True
0.5970969419291337,2.875131525546778,0.024150666532167353,False
0.029554636912616616,0.2895923505874395,0.9196529344723876,True
0.5599691508926522,-0.16269368525228425,0.9593418458543419,True
0.38240840878957083,-0.9064986631084261,1.2664303951818863,True
0.1256857356947062,-0.02113638745903803,1.3751172259355302,True
-0.23880549722026057,0.0614728939470142,1.9541767992459764,True
-0.016576505838829025,-0.03669360612987817,1.450366987150339,True
0.7832224981091178,0.8047253014486279,1.3956146742838271,True
-0.6528902610978681,1.9084213644874466,0.023639069690468972,False
-0.12108450527601344,-0.20791635500653471,0.9364493121921031,True
0.34106461308322245,-0.6242206120970444,1.6516118257526777,True
-0.1850359818381524,0.36750907869805993,2.6200314503768203,True
-0.10200307442679153,0.10240754475053183,1.5396712055996136,True
-1.7684990729343035,-0.013211167428154435,2.1725485029579557,True
-0.5337375920326283,-3.223322364524918,0.02443055254187787,False
-0.3472489697555772,-2.0964591877680374,0.023657997965398414,False
0.09268918152098737,-0.11655954196239496,1.647339898903505,True
-0.9524875389647908,1.879986849587648,0.024221876253028074,False
-0.15696951876649193,0.1664135733982806,1.6589462587045398,True
-2.4246287006852336,1.643284341480707,0.02407403430123574,False
-0.30243044331047164,0.10021454216713405,2.322697687288425,True
0.3825804324675076,2.9412341904915547,0.024365209944800625,False
1.8210889342957841,-0.4797745519087447,1.2408411469165053,True
-1.528982653501674,0.5571844973073928,1.7435691103856135,True
0.7211457453005197,-0.3965678824792267,1.4887225713504537,True
-0.36619990581917405,-0.43552464032129623,2.456876041050861,True
-0.17256889018085164,0.06908137438340459,1.0404875629554389,True
-0.026808511690897537,-0.02362865365343087,0.93558493953586,True
1.8084827001470825,-3.031780580267819,0.024237845901099786,False
-0.23042917823678555,0.5633276638290918,3.247523848785841,True
0.8405335037210983,-1.0660484084066404,1.4119840096360534,True
1.2798560537424897,-0.9539696094359752,2.646371020455584,True
1.47311545178352,-0.5137073885593777,0.7763812087981532,True
0.4360592593901971,-0.6280845796337341,1.5939795276508408,True
-1.2237793770769476,-1.1817441601067469,0.5664061361221843,True
-0.12509783756446316,0.8932743368597247,2.7480962931248873,True
-0.4449880944053974,-0.3090845557621237,1.8990074319811883,True
0.2848146900649836,0.7034990449856875,0.897368554545607,True
-0.2747767758323304,-0.9029635417786142,1.699995469132918,True
-0.24156383052978317,0.4219858417927601,0.8333890515274022,True
-0.049606656877760794,-0.19080746921622313,2.5781245833612303,True
0.5934896772207391,0.061673021277223336,0.9499027163993186,True
0.33282370163139563,-0.5336602192222567,0.8897691678539427,True
-0.6341098526768829,-0.058420611233237614,0.8226703482120392,True
0.15330076749649052,0.18963155251393182,0.9155168262140225,True
-0.34689549523335617,0.2815297616577854,3.723442542477194,True
-0.04444338725586805,2.2565778836047428,0.024291806673833072,False
0.6384247897364564,0.07392747247399385,1.9866920144249005,True
-1.557342858585857,-0.45170179095677554,0.708503617803025,True
-0.04619404114147099,-0.03328398488633275,0.8534410605399388,True
0.7713573326596155,-0.06756886591208604,0.8142402526885838,True
0.2815124311807097,-0.8456942076793877,1.0460687846339747,True
0.3450526999042649,-0.3176812811152443,2.3186679737490072,True
-0.3915022574236522,0.9050015466624806,1.4168292001343636,True
-1.684778529579943,0.48325743707582314,0.8507218580935989,True
0.07383735597272334,0.33870248798528796,3.145783943990665,True
2.4764251582274226,0.184723264388833,1.1405294942158783,True
-0.12926341837511493,0.11387725502970378,3.0231227963453073,True
-0.5482942791543902,0.09762182247073985,1.2328453858660449,True
1.9507773147781007,-1.2845555782279567,1.5999760778773873,True
0.7762920959991783,0.2138669456869939,2.2494418276322254,True
-0.5667560291188298,0.7739489342008359,1.1024404530226977,True
-0.0642599612377293,-0.12397969535409112,1.8347528022226123,True
-0.062243922230040126,-0.12298196611340713,3.8464797605024312,True
1.8085977942975444,-0.3001104164336054,2.1680685832424653,True
-0.41862061450497934,-0.2365101046651284,1.296065655950793,True
1.2988200052457448,2.775438200859194,0.024307629687411902,False
0.8321494400215218,-3.812409884178331,0.024440984590208548,False
-1.141888642473944,-2.1730490471058026,0.023974890190831266,False
-0.8438700951918915,0.8030692892857639,1.9695756649893812,True
-0.013906555314390528,-0.6291107773516432,0.8256692257326055,True
0.5819549734583298,-0.28353998392406776,1.22856463465595,True
1.9581961982238256,-0.6223007656764857,0.9685000914793216,True
0.2875338171411495,0.1305750251197198,1.1017191029395037,True
0.08704974597539863,-0.0687028570471837,0.8452956076167346,True
0.18608293207356097,-1.1779998004082937,0.7964579944095705,True
0.015016595474815125,-0.005650314173106966,1.5276678053048647,True
-0.23754981292836158,-0.1045837165399097,1.9345293470204503,True
-0.4434423242584751,-0.13885946622980289,2.648274825165627,True
-1.5052437012790332,2.857089129360694,0.024190416912733548,False
-0.5298275461985075,0.14462395910751863,1.464692024698914,True
-1.9770421606338844,-0.949078404684267,2.4608106689240103,True
0.15647455486862977,-0.9404570943909888,0.8359029870465066,True
0.47094132067040306,0.004684448767739624,1.5503955252620056,True
0.9122958658564477,-0.9777253094700975,1.2825675149030809,True
-0.2072334946168931,-0.036322391252195205,0.8474821276548188,True
-0.6420754767766461,-0.5850697632142279,0.9858234190377093,True
-0.14627237515649388,0.06805161139283895,3.5558601385444106,True
0.10340339301813442,-0.04253336863989747,0.7863634435204365,True
-0.8050660116092175,-1.5162127024828365,0.023432357813620075,False
-1.937604340695989,0.5138932551977355,1.0221124979143013,True
-0.23818595682051538,0.08434036087917772,1.6081469463814329,True
0.1752609068731227,3.5426480912104883,0.024584732290513667,False
0.2842007121103286,3.658512528734139,0.02447790355193824,False
0.845058731967669,-0.026641109493021772,1.706909060952746,True
0.48163114536928425,-3.32227174737239,0.02439621071385767,False
0.709152707146464,-0.8050680530734902,0.9336399823515322,True
-0.36830831579358403,3.8443906020366407,0.024621411235950852,False
-0.35319013518370446,0.1877778010683117,1.9034731197925274,True
-2.346222938080247,2.6651019477709386,0.024376088096998982,False
-0.18597303284626163,0.05934933941158661,2.354303937448771,True
-0.12604063606158217,0.03155658580738623,2.322976738506473,True
1.7744636804241112,-0.7581965236308287,1.1349056472002321,True
1.083558346832785,0.678418783450544,1.2272653598236896,True
-0.9965674259738341,0.26980924994821553,2.2474288055066323,True
-0.4242810281816311,0.13300840015755608,2.1607046537014187,True
0.730949469070956,0.6089182407827145,2.7431912931701943,True
-0.12693255400695852,0.1370501061203757,1.4272030604536154,True
0.28337264562126085,0.6906896904791289,2.821839473036161,True
-0.3731394996868378,0.024053971608196813,0.8886205219824894,True
-0.47257756297139664,0.1315132231380772,3.7219227711670744,True
0.7495888837447977,2.797116844411973,0.024420959508181683,False
-0.07244136572360574,0.023354288692141484,2.6264100985035492,True
-0.19371052473742656,0.07388194285114498,2.310561196729009,True
-2.0384007607599997,2.542382960667003,0.02442027096141769,False
-0.03488771172469464,-0.4019131646589462,1.3611727630992818,True
0.41355354296171176,0.2718138007350748,1.0722812903951622,True
0.3800046157313889,3.106762533203094,0.023988932187141043,False
0.6157150655119586,-2.4640952451505234,0.023936867830929076,False
-0.024015608692517953,0.22958132855881852,1.5292261402359393,True
0.2043489124807401,0.19647376821311335,1.3764325097275827,True
0.8506724279700523,0.7891696153111992,3.203843867764845,True
-0.1201778648760139,-0.027853992281690707,3.266729029444183,True
-0.7543831600546866,-0.46872164281983364,0.9403873678391518,True
0.16198607432447384,0.5521527347132946,1.175422699119555,True
-1.2565031015639545,2.7089076269242094,0.024293333650226123,False
-0.1663479756568045,0.8537504081712485,2.5767056906975387,True
0.8503621430032581,-0.517117047631735,1.1823983563412146,True
-0.21810672438772943,-2.9609511188165705,0.02434041093933681,False
0.6208552836977704,-0.7656192614838921,2.4678956903248084,True
-0.3590484244980152,-0.7482425388706835,3.5895608725014574,True
-0.3750328210296308,-0.4978885984247176,1.1945086762885526,True
-0.3639537155545163,0.5523679587198674,1.3566023827236913,True
-2.055063194100689,-0.23272463831880116,1.6313901477714254,True
-2.088264597644197,0.3410856469302413,1.0894083321951578,True
1.4240369261915633,0.05282163384023844,2.868911397090874,True
-0.2366196606085132,-0.1844112369197548,2.7092787474673585,True
0.660198310349644,0.35460894888621897,0.8701325851476498,True
0.3787133102090755,1.1050109182640777,0.7776718124135704,True
0.29045882270283113,-2.974737937873732,0.024056601878162276,False
-0.018317563485189498,0.020594413614889666,0.7610307056718026,True
0.6571027075830195,0.09668396052181896,1.2840124422091177,True
-0.838228090345578,3.8109047806116894,0.024448373256353295,False
-0.4496264160106646,2.436523976811626,0.02393018433884536,False
-0.14401391291109383,0.07499107538389607,3.343044490577316,True
-0.3984169586037113,-0.12238557869433697,1.323678824500722,True
-0.31444589011181834,0.09027162766654834,1.8152923254816846,True
-0.2954476459769336,2.9715747028119526,0.024025337305591477,False
-1.393150119883456,0.8205647195765902,1.1893879653304065,True
-0.23950501823219647,0.26256932997838756,1.2378726021290367,True
0.04383972432130147,-0.5287327738458456,1.2623678529929008,True
0.507120507904861,-0.1893532467465241,2.861310508886735,True
0.2921083816290109,-1.9565775898388613,0.023478839873362356,False
0.6699999373846783,0.10741416352982153,1.4832343712402427,True
-0.9069662261394213,-0.5300515148275251,2.912506528974461,True
0.22649471953879025,-0.012282516006346191,0.8210194231357445,True
0.7491790729121186,0.34896704330760003,1.6136973319189738,True
-0.07185396776933367,0.09293954727715106,1.8759657374023506,True
-0.621871640380425,-2.1016530608179216,0.023834428597623414,False
-0.39351656690373216,0.8703527554013553,1.5989963090111496,True
0.143882039758728,-0.5582708106541068,1.2990370543095187,True
0.7564721944561701,-2.3400405231765102,0.024084796821791987,False
-1.1146074466066964,0.07528612476775402,1.779275408713241,True
-0.45862690860488475,-0.8278394189043028,1.2655839475449437,True
0.024636322054713646,-0.06258783545544935,0.7561480126314782,True
-0.11288512562407503,0.00475104835969653,0.9244644508112796,True
0.5677081532996443,0.11677202652778176,1.0247558859734105,True
-0.6180995956391293,0.11091724826217296,2.7714622744647457,True
-1.4649158714076091,0.7121395376771151,2.6616953038681013,True
-1.5976168387183345,1.54126925563206,0.02419560844066948,False
-0.06022120756419003,-0.0291955424004452,1.1994778587337378,True
0.09556643100703573,0.02671399957208576,0.887334283489938,True
-0.6786463985609077,-0.7944040702411812,2.136383613430435,True
0.01774321276976909,-0.06070379533483332,1.5994136783424857,True
-0.12191085077598277,0.159514163540577,1.1036042242075694,True
-0.1507278331172603,0.3122736639248417,0.7493745254453625,True
-0.17833237763652737,-0.0019522963143669735,1.0061628679224446,True
-2.391076605461338,-1.917083866311636,0.0242549807543746,False
0.4524347294694059,0.6046820847622493,0.942405132034703,True
-0.2947810687697695,0.10151586905567327,1.6486131279014327,True
-0.8853081376430352,1.9585621847993644,0.024117496232051172,False
-0.25393863066506267,0.1490892720074276,1.1215840235171823,True
-0.25428401189990146,0.04266699116916896,0.9276520566129418,True
-0.9810652464635682,-0.4234502708214522,1.933325711123654,True
-0.3878041363505822,-2.449373530458145,0.02433996628109575,False
0.952770323521861,-0.21840521552002654,2.3103917422248266,True
-0.4778422046746831,-2.899443534388907,0.023933876359644224,False
0.23763325848133565,-0.06735780509380121,0.9163083076803384,True
0.2079005100078461,-2.290729047682106,0.023715161660355144,False
-2.8078316217310513,-1.2504859788727432,0.024680866532011625,False
-0.10099650710901525,0.031166885007667407,1.250226813289502,True
-0.3728611006487841,-0.3059496523641458,1.0232511336884362,True
-0.6594842116999022,0.3461651819764954,1.0565322272714555,True
-0.2960656342984209,0.14253159979556362,2.585380851947476,True
-1.4228381127815102,-0.34226567947123365,0.958651837141324,True
-2.4578243982696675,0.20705975339407348,0.8907283775642679,True
0.33095690147268714,0.7769726120480884,3.306543735734472,True
-0.5645381873511822,0.2850791011504998,2.4336664609184027,True
-0.11933566919134328,0.008484892409453545,1.359296167802244,True
-0.12102963812989938,0.06786457011623008,0.9764056631363983,True
-0.05065721417869829,0.1913982694165291,1.1120346613261325,True
0.2309737949386417,2.4612958810936956,0.023836458643735403,False
0.7927511560375861,-1.0920245909669744,3.29603190333145,True
2.1161856079732213,-0.35580605680282645,2.7691436989036338,True
-0.009117432227369618,-0.8695449534305222,1.0431642028686876,True
-0.956407997249096,2.465141732883432,0.02406702652353554,False
-0.23627971434210565,0.36665425629640247,2.6876945303835993,True
-0.08814511483553267,0.04688458270477698,1.3104412208499567,True
-0.13053704119073054,-0.0035616317962633773,1.0316739441975875,True
-0.4709437033259418,0.41205345601991794,0.8084632039083809,True
1.3533716874086492,0.6544088404502245,1.2467316175023935,True
1.844971893716914,0.7294971375096777,1.389544942254402,True
0.7620487830508488,-0.41478211031990087,3.602954293996623,True
-0.3188735843384902,0.3776727630337668,1.1703581943135797,True
-0.03567547891086869,-0.32833891799651915,0.7863042143544814,True
-0.19750602913425433,-0.12507706798208565,3.715628744740537,True
-1.6057037312471611,-0.051774493819596576,2.3899124451150167,True
-0.6080201581629716,-0.16821181261846063,1.4161437000469186,True
0.5829779731090736,0.1365275841728717,3.599769741896758,True
0.4450707794908637,3.700923365308966,0.024575547714157042,False
-1.6601515128405424,-3.1502416933048427,0.024393840306605186,False
0.04456597635437792,0.6284692952559348,2.475600620648368,True
-0.18664467925231198,0.020516813266805208,2.628789068179259,True
0.051426821837836104,-0.2077978294641039,2.3412817741275025,True
-0.1686780632948779,0.37937336055780424,1.0325657971048545,True
-1.2572044072152688,0.9381459074126491,3.0199658140300984,True
-2.27492092685455,2.3231840403174218,0.024420801145081716,False
0.6184468041927754,0.38268292349331234,1.0306504167582644,True
-1.0938961518488906,0.6720239530419772,1.2265967899953534,True
-0.06809627120409194,3.2902446644930325,0.024300767745536356,False
0.6179983736618726,-2.8732988174422687,0.024185910356401275,False
-0.4648386753680403,0.14039615111044934,3.7792085428408964,True
0.7913994578489187,-2.704920714946247,0.024388683816639833,False
-0.2610929566998262,-0.11242953414876049,0.9142128858343691,True
0.4783678378962912,0.7927125314165704,1.3810308519106158,True
-0.09167403707639055,-0.01378205629475867,1.151669961847373,True
-0.5011685616544026,0.07678001713275268,0.7741401685825199,True
1.1357433690930157,-0.05414153359367759,1.829363319314492,True
-2.62996083186309,0.07591338394194236,2.5216467565005836,True
-1.06167914651397,-0.7349336642258487,2.7138982157292375,True
-0.9679372905657457,2.393656067382053,0.023961928742041838,False
-0.033559953321615835,-0.8166511503078947,1.0139585422463873,True
0.08347961121188445,-0.026481666746685478,1.404733382577568,True
0.3503262592399439,0.33391546661185334,2.447097018490166,True
-0.6200846581355779,-2.4159275846254076,0.02431534782977024,False
-0.09472853169471897,-0.15425695539742865,0.7812221215819278,True
-0.16452462903166548,0.02939601216629402,0.9538772773984586,True
-0.09401554108208275,-0.8715580921685435,1.5300763042889676,True
0.49774167631930755,0.30485921975804803,2.1553896540856194,True
-2.7636039526206355,0.19712145183336188,1.1308294237303613,True
-0.08889781801266429,0.29731906569149924,0.9079474763479707,True
0.05813912395442303,-0.1397468068146662,1.3977235205086807,True
-0.5605712165171605,-2.8997602667621134,0.024562497081050294,False
0.06826538709831034,1.6583285349576744,1.0845049594554141,False
0.16616799657674125,-0.5262906617210659,1.2036670104898906,True
-0.1081594731009314,-2.0738545196772824,0.02378028697245571,False
0.4426632951657522,3.0811330296428676,0.02444891232648405,False
-1.3821333300406276,0.9428248034773301,1.749765967650542,True
-1.3330475109636815,-0.3191230831098287,1.1823734619682258,True
0.2851311449790045,-0.036037850549237666,3.338827597493585,True
-1.3595992078791916,2.3099389174650993,0.024305632928683818,False
1.639372743817842,1.6412462000861403,0.024156577456103945,False
-0.6416996005700955,0.03277690620287525,0.7874918427176405,True
1.04925520716413,0.5789624899800054,2.704184126805079,True
-0.029639837316091048,0.06429630506308687,2.1668283730395834,True
-0.016687267109020507,0.27095272713958607,1.9497630684282568,True
-0.20246591779639342,2.09968727847611,0.02350074550084502,False
0.3994973117857732,-0.9442404821198058,1.0200072329903964,True
-0.721140916665893,-0.21547606093963606,2.5936277757562154,True
-2.6148760480091218,2.560417837459574,0.02446316387311498,False
1.6830703280631074,0.5523929923555742,3.1923114460242012,True
0.9457653085834574,-0.54078045419508,1.1990432282478896,True
-0.7504700565838962,0.7085445569130436,1.460823466760919,True
2.5392698216931144,-1.5351609092777774,0.024266059743245832,False
0.07819262589251305,2.0922404101646457,0.024316034334448455,False
-0.5321872638573305,1.367672487602291,2.0142250461378155,True
0.6365727392382136,0.8423756422095936,1.5085868158030074,True
0.3686689187184622,0.022297639302300234,1.6042897950469452,True
0.2773501593605327,0.08701063080065094,1.6065375495405605,True
-1.1173514203751964,-2.203164701060049,0.023823142158847843,False
-1.0902952121506966,2.2759543525456896,0.02416644860976558,False
0.46282121491112327,-1.8944582302221553,0.023731689396277345,False
0.21056013239128116,0.3154199356814387,2.697386636263692,True
-0.1293877818336021,0.029397371588913514,0.9001897410974906,True
-0.19875500337941543,0.3424763275807131,1.565046349009696,True
0.09168091830801647,-1.0363551359623713,1.8337288898512538,True
